{"cameraMode":{"drawMode":0,"name":"Shaded","section":"Shading Mode"},"sceneLighting":false,"audioPlay":false,"sceneViewState":{"showFog":true,"showMaterialUpdate":false,"showSkybox":false,"showFlares":true,"showImageEffects":true,"showParticleSystems":true},"in2DMode":false,"pivot":{"x":4.679999828338623,"y":3.4600000381469728,"z":6.340000152587891},"rotation":{"x":-0.06258787959814072,"y":-0.6666539907455444,"z":0.05633892863988876,"w":-0.7405951023101807},"size":22.0,"orthographic":false}