{"cameraMode":{"drawMode":0,"name":"Shaded","section":"Shading Mode"},"sceneLighting":false,"audioPlay":false,"sceneViewState":{"showFog":true,"showMaterialUpdate":false,"showSkybox":false,"showFlares":true,"showImageEffects":true,"showParticleSystems":true},"in2DMode":false,"pivot":{"x":3.703000068664551,"y":0.4838748872280121,"z":2.3297743797302248},"rotation":{"x":0.28885066509246828,"y":-0.5852100849151611,"z":0.23463009297847749,"w":0.7204465270042419},"size":4.3640666007995609,"orthographic":false}