{"cameraMode":{"drawMode":0,"name":"Shaded","section":"Shading Mode"},"sceneLighting":false,"audioPlay":false,"sceneViewState":{"showFog":true,"showMaterialUpdate":false,"showSkybox":false,"showFlares":true,"showImageEffects":true,"showParticleSystems":true},"in2DMode":false,"pivot":{"x":390.1380615234375,"y":245.46359252929688,"z":2.4579994678497316},"rotation":{"x":-0.21870194375514985,"y":-0.6324715614318848,"z":0.19274817407131196,"w":-0.7176331877708435},"size":1537.2506103515625,"orthographic":false}